id,email,password,first_name,last_name,phone,created_at,updated_at,active
1,michelle34@yahoo.com,PU2r3t2li@,Barbara,Reyes,+49 151 23456789,2024-09-01 08:30:00.000,2024-09-05 12:30:00.000,True
2,jennifer59@woods.biz,^rhI8AgPs8,Michael,Mills,+49 152 34567890,2024-09-01 08:30:00.000,2024-09-05 12:30:00.000,True
3,michael00@gmail.com,!Y5DbzHyvE,Ashley,Barrett,+49 153 45678901,2024-09-01 08:30:00.000,2024-09-05 12:30:00.000,True
4,charleshill@yahoo.com,^4gkJzNoNX,Kristen,Clark,+49 157 56789012,2024-09-01 08:30:00.000,2024-09-05 12:30:00.000,True
5,pearsonmelissa@schwartz.info,P5kBmXcj!j,Jared,Garcia,+33 6 12 345678,2024-09-01 08:30:00.000,2024-09-05 12:30:00.000,True
6,hintondavid@gmail.com,40KSS@c&^B,Tracy,Porter,+33 6 78 901234,2024-09-01 08:30:00.000,2024-09-05 12:30:00.000,True
7,kparks@hotmail.com,^diTKpnCE5,Shawn,Griffith,+33 7 89 012345,2024-09-01 08:30:00.000,2024-09-05 12:30:00.000,True
8,harristiffany@yahoo.com,Pc^7DdprKi,Jason,Logan,+33 7 45 678901,2024-09-01 08:30:00.000,2024-09-05 12:30:00.000,True
9,harristracy@gray.org,vtvBy#dl!9,Katherine,Burns,+39 347 1234567,2024-09-01 08:30:00.000,2024-09-05 12:30:00.000,True
10,xruiz@bates.net,@L8qUagHy7,James,Cole,+39 348 2345678,2024-09-01 08:30:00.000,2024-09-05 12:30:00.000,True
11,bakerabigail@yahoo.com,_2joCX#r@H,Katherine,Swanson,+39 349 3456789,2024-09-01 08:30:00.000,2024-09-05 12:30:00.000,True
12,amandacox@roberts.com,D+QQ4FCs_5,Gina,Roberts,+39 340 4567890,2024-09-01 08:30:00.000,2024-09-05 12:30:00.000,True
13,timothyblackwell@yahoo.com,1RFX^RuH&m,Alejandro,Green,+34 611 123456,2024-09-01 08:30:00.000,2024-09-05 12:30:00.000,True
14,jeremy41@cameron-jimenez.com,!@H8UDIEBs,Robert,Moore,+34 612 234567,2024-09-01 08:30:00.000,2024-09-05 12:30:00.000,True
15,michelleholmes@hotmail.com,!24kkGNe_F,Barbara,Petty,+34 613 345678,2024-09-01 08:30:00.000,2024-09-05 12:30:00.000,True
16,dhenry@clark-colon.org,fMO0%Myf&^,Veronica,Snow,+34 614 456789,2024-09-01 08:30:00.000,2024-09-05 12:30:00.000,True
17,brianjackson@gmail.com,t3J!nCpt(a,Rebecca,Fox,+48 501 123456,2024-09-01 08:30:00.000,2024-09-05 12:30:00.000,True
18,kramerdawn@gmail.com,5lQSa*Dh^N,Jose,Burton,+48 502 234567,2024-09-01 08:30:00.000,2024-09-05 12:30:00.000,True
19,travis78@hayes.com,JM^gu0f7#),Jessica,Ruiz,+48 503 345678,2024-09-01 08:30:00.000,2024-09-05 12:30:00.000,True
20,ebrown@guerra-johnson.com,T_q8DX4m^3,Dean,Mack,+48 504 456789,2024-09-01 08:30:00.000,2024-09-05 12:30:00.000,True
21,rodney42@english-mendoza.com,l%8PVDK9lg,Christopher,West,+49 151 98765432,2024-09-01 08:30:00.000,2024-09-05 12:30:00.000,True
22,jacksonrobert@gmail.com,*7LyFGVhaN,Deanna,Campbell,+49 152 87654321,2024-09-01 08:30:00.000,2024-09-05 12:30:00.000,True
23,jenniferwarren@hotmail.com,fn6jPIOpK),Anthony,Reeves,+49 153 76543210,2024-09-01 08:30:00.000,2024-09-05 12:30:00.000,True
24,johnedwards@gordon-walker.com,Jlr1YYwd$k,Ronald,Scott,+49 157 65432109,2024-09-01 08:30:00.000,2024-09-05 12:30:00.000,True
25,tcole@hotmail.com,fJT2@5Tr2Z,Jose,Tucker,+33 6 98 765432,2024-09-01 08:30:00.000,2024-09-05 12:30:00.000,True
26,muelleramanda@cooper.com,+28VfyQGh*,Robert,Smith,+33 7 45 678912,2024-09-01 08:30:00.000,2024-09-05 12:30:00.000,True
27,kimberly79@gmail.com,!7yvU!9kvm,Timothy,Ballard,+33 6 23 456789,2024-09-01 08:30:00.000,2024-09-05 12:30:00.000,True
28,christophernewton@hotmail.com,#8$ITGjhV1,Amber,Maynard,+33 7 89 012345,2024-09-01 08:30:00.000,2024-09-05 12:30:00.000,True
29,xlara@carrillo-davis.com,*eBHtMls1z,Joseph,Simpson,+39 347 9876543,2024-09-01 08:30:00.000,2024-09-05 12:30:00.000,True
30,brownstephanie@gmail.com,J4v3xqKj+@,Thomas,Powell,+39 348 8765432,2024-09-01 08:30:00.000,2024-09-05 12:30:00.000,True
31,susanbarber@yahoo.com,$rXJQold@0,Kristin,Evans,+39 349 7654321,2024-09-01 08:30:00.000,2024-09-05 12:30:00.000,True
32,jhayes@hotmail.com,pG8MKyS1$+,Jeremy,Vaughn,+39 340 6543210,2024-09-01 08:30:00.000,2024-09-05 12:30:00.000,True
33,ohays@yahoo.com,&ebybxYe@0,Timothy,Jackson,+34 611 987654,2024-09-01 08:30:00.000,2024-09-05 12:30:00.000,True
34,enorman@gmail.com,4S8T3pIH*r,Mark,Brock,+34 612 876543,2024-09-01 08:30:00.000,2024-09-05 12:30:00.000,True
35,lsavage@gmail.com,#NAME?,Charles,Irwin,+34 613 765432,2024-09-01 08:30:00.000,2024-09-05 12:30:00.000,True
36,kimberly44@hotmail.com,C!HKO6ma&8,John,Griffith,+34 614 654321,2024-09-01 08:30:00.000,2024-09-05 12:30:00.000,True
37,ruben95@gmail.com,Ml^X2BqS0u,Shawn,Olson,+48 501 987654,2024-09-01 08:30:00.000,2024-09-05 12:30:00.000,True
38,angelarobinson@gmail.com,yPBdIuiO&2,Sean,Hudson,+48 502 876543,2024-09-01 08:30:00.000,2024-09-05 12:30:00.000,True
39,nberg@lindsey-george.com,O14X3jX%!5,Jesse,Harper,+48 503 765432,2024-09-01 08:30:00.000,2024-09-05 12:30:00.000,True
40,curtis20@anderson-white.org,c$+Y1USLUw,Richard,Robinson,+48 504 654321,2024-09-01 08:30:00.000,2024-09-05 12:30:00.000,True
41,milesmichael@gmail.com,*0jm7qZnrP,Garrett,Cannon,+49 151 12398765,2024-09-01 08:30:00.000,2024-09-05 12:30:00.000,True
42,christinerhodes@yahoo.com,NCtt%7Nb^u,Shannon,Burgess,+49 152 23487654,2024-09-01 08:30:00.000,2024-09-05 12:30:00.000,True
43,kblack@taylor.com,s3I+Q7Qk$+,Tyler,Hamilton,+49 153 34576543,2024-09-01 08:30:00.000,2024-09-05 12:30:00.000,True
44,rthomas@hotmail.com,_FYaS2tyH8,Ricky,Miller,+49 157 45665432,2024-09-01 08:30:00.000,2024-09-05 12:30:00.000,True
45,eharris@hart.com,C2iJtXV5+Z,Susan,Parrish,+33 6 12 345678,2024-09-01 08:30:00.000,2024-09-05 12:30:00.000,True
46,xbriggs@munoz.com,#9G2OaAlmT,William,Hall,+33 7 98 761234,2024-09-01 08:30:00.000,2024-09-05 12:30:00.000,True
47,richsarah@gmail.com,f_u5OKdy@l,Timothy,Rodriguez,+33 6 78 902345,2024-09-01 08:30:00.000,2024-09-05 12:30:00.000,True
48,jennymorgan@huang.com,^#1LGLjHaA,Cynthia,Davis,+33 7 45 678923,2024-09-01 08:30:00.000,2024-09-05 12:30:00.000,True
49,hannahvaughn@hotmail.com,Cgw9IqRa%r,Lauren,Garza,+39 347 6543210,2024-09-01 08:30:00.000,2024-09-05 12:30:00.000,True
50,smithmichael@santos.com,+0D4G#p2qX,Donald,Walls,+39 348 7654321,2024-09-01 08:30:00.000,2024-09-05 12:30:00.000,True
